[{"latitud": 19.4170095, "longitud": -99.1792693,"alcaldia":"Miguel Hidalgo"}, {"latitud": 19.4168784, "longitud": -99.179343,"alcaldia":"Miguel Hidalgo"}, {"latitud": 19.4424034, "longitud": -99.1923353,"alcaldia":"Miguel Hidalgo"}, {"latitud": 19.4034755, "longitud": -99.1712688,"alcaldia":"Miguel Hidalgo"}, {"latitud": 19.3978896, "longitud": -99.177725,"alcaldia":"Miguel Hidalgo"}, {"latitud": 19.3979052, "longitud": -99.1776525,"alcaldia":"Miguel Hidalgo"}, {"latitud": 19.3994418, "longitud": -99.1772592,"alcaldia":"Miguel Hidalgo"}, {"latitud": 19.39917, "longitud": -99.1803154,"alcaldia":"Miguel Hidalgo"}, {"latitud": 19.3998348, "longitud": -99.1800803,"alcaldia":"Miguel Hidalgo"}, {"latitud": 19.3998066, "longitud": -99.1846561,"alcaldia":"Miguel Hidalgo"}, {"latitud": 19.4416603, "longitud": -99.1833462,"alcaldia":"Miguel Hidalgo"}, {"latitud": 19.3971367, "longitud": -99.1809481,"alcaldia":"Miguel Hidalgo"}, {"latitud": 19.4000826, "longitud": -99.1848959,"alcaldia":"Miguel Hidalgo"}, {"latitud": 19.4003196, "longitud": -99.1704465,"alcaldia":"Miguel Hidalgo"}, {"latitud": 19.4268302, "longitud": -99.2056951,"alcaldia":"Miguel Hidalgo"}, {"latitud": 19.4269637, "longitud": -99.2057928,"alcaldia":"Miguel Hidalgo"}, {"latitud": 19.4021217, "longitud": -99.2004608,"alcaldia":"Miguel Hidalgo"}, {"latitud": 19.4284725, "longitud": -99.2169122,"alcaldia":"Miguel Hidalgo"}, {"latitud": 19.4286278, "longitud": -99.2169926,"alcaldia":"Miguel Hidalgo"}, {"latitud": 19.4032324, "longitud": -99.1967441,"alcaldia":"Miguel Hidalgo"}, {"latitud": 19.4013565, "longitud": -99.204525,"alcaldia":"Miguel Hidalgo"}, {"latitud": 19.3986923, "longitud": -99.1850423,"alcaldia":"Miguel Hidalgo"}, {"latitud": 19.399569, "longitud": -99.1849419,"alcaldia":"Miguel Hidalgo"}, {"latitud": 19.4299511, "longitud": -99.2112471,"alcaldia":"Miguel Hidalgo"}, {"latitud": 19.3995289, "longitud": -99.1801862,"alcaldia":"Miguel Hidalgo"}, {"latitud": 19.4014294, "longitud": -99.1847899,"alcaldia":"Miguel Hidalgo"}, {"latitud": 19.403442, "longitud": -99.1710996,"alcaldia":"Miguel Hidalgo"}, {"latitud": 19.43968, "longitud": -99.1836492,"alcaldia":"Miguel Hidalgo"}, {"latitud": 19.4397993, "longitud": -99.1836287,"alcaldia":"Miguel Hidalgo"}, {"latitud": 19.4397187, "longitud": -99.1835145,"alcaldia":"Miguel Hidalgo"}, {"latitud": 19.4386409, "longitud": -99.1793246,"alcaldia":"Miguel Hidalgo"}, {"latitud": 19.4383184, "longitud": -99.178024,"alcaldia":"Miguel Hidalgo"}, {"latitud": 19.440676, "longitud": -99.1759809,"alcaldia":"Miguel Hidalgo"}, {"latitud": 19.4393486, "longitud": -99.2181837,"alcaldia":"Miguel Hidalgo"}, {"latitud": 19.4409002, "longitud": -99.1790175,"alcaldia":"Miguel Hidalgo"}, {"latitud": 19.4297582, "longitud": -99.2113783,"alcaldia":"Miguel Hidalgo"}, {"latitud": 19.4297294, "longitud": -99.2119921,"alcaldia":"Miguel Hidalgo"}, {"latitud": 19.4299022, "longitud": -99.2119896,"alcaldia":"Miguel Hidalgo"}, {"latitud": 19.4158987, "longitud": -99.229052,"alcaldia":"Miguel Hidalgo"}, {"latitud": 19.4158239, "longitud": -99.228897,"alcaldia":"Miguel Hidalgo"}, {"latitud": 19.4313735, "longitud": -99.2088534,"alcaldia":"Miguel Hidalgo"}, {"latitud": 19.4063859, "longitud": -99.1844273,"alcaldia":"Miguel Hidalgo"}, {"latitud": 19.4393552, "longitud": -99.2183254,"alcaldia":"Miguel Hidalgo"}, {"latitud": 19.4392505, "longitud": -99.2182568,"alcaldia":"Miguel Hidalgo"}, {"latitud": 19.4259519, "longitud": -99.2218916,"alcaldia":"Miguel Hidalgo"}, {"latitud": 19.4416492, "longitud": -99.1832365,"alcaldia":"Miguel Hidalgo"}, {"latitud": 19.440609, "longitud": -99.1761323,"alcaldia":"Miguel Hidalgo"}, {"latitud": 19.4268526, "longitud": -99.2059515,"alcaldia":"Miguel Hidalgo"}, {"latitud": 19.4267186, "longitud": -99.2058292,"alcaldia":"Miguel Hidalgo"}, {"latitud": 19.4026786, "longitud": -99.1990511,"alcaldia":"Miguel Hidalgo"}, {"latitud": 19.4313085, "longitud": -99.2087667,"alcaldia":"Miguel Hidalgo"}, {"latitud": 19.4310641, "longitud": -99.226497,"alcaldia":"Miguel Hidalgo"}, {"latitud": 19.441055, "longitud": -99.1789945,"alcaldia":"Miguel Hidalgo"}, {"latitud": 19.4312731, "longitud": -99.2086665,"alcaldia":"Miguel Hidalgo"}, {"latitud": 19.4426246, "longitud": -99.1921999,"alcaldia":"Miguel Hidalgo"}, {"latitud": 19.4297907, "longitud": -99.2112402,"alcaldia":"Miguel Hidalgo"}, {"latitud": 19.4510646, "longitud": -99.1905706,"alcaldia":"Miguel Hidalgo"}, {"latitud": 19.4114582, "longitud": -99.1823503,"alcaldia":"Miguel Hidalgo"}, {"latitud": 19.444774, "longitud": -99.1917599,"alcaldia":"Miguel Hidalgo"}, {"latitud": 19.4510785, "longitud": -99.1906422,"alcaldia":"Miguel Hidalgo"}, {"latitud": 19.4447912, "longitud": -99.1918531,"alcaldia":"Miguel Hidalgo"}]
