[{"latitud": 19.3537221, "longitud": -99.0728285,"alcaldia":"Iztapalapa"}, {"latitud": 19.3542594, "longitud": -99.0753056,"alcaldia":"Iztapalapa"}, {"latitud": 19.3586117, "longitud": -99.0899398,"alcaldia":"Iztapalapa"}, {"latitud": 19.3525715, "longitud": -99.0784496,"alcaldia":"Iztapalapa"}, {"latitud": 19.3202544, "longitud": -99.0840729,"alcaldia":"Iztapalapa"}, {"latitud": 19.3873243, "longitud": -99.0805917,"alcaldia":"Iztapalapa"}, {"latitud": 19.3601481, "longitud": -99.0845878,"alcaldia":"Iztapalapa"}, {"latitud": 19.3355125, "longitud": -99.0748081,"alcaldia":"Iztapalapa"}, {"latitud": 19.3355935, "longitud": -99.0745789,"alcaldia":"Iztapalapa"}, {"latitud": 19.3354879, "longitud": -99.074643,"alcaldia":"Iztapalapa"}, {"latitud": 19.3370034, "longitud": -99.0642848,"alcaldia":"Iztapalapa"}, {"latitud": 19.3819781, "longitud": -99.0172584,"alcaldia":"Iztapalapa"}, {"latitud": 19.3739365, "longitud": -99.0030029,"alcaldia":"Iztapalapa"}, {"latitud": 19.3390121, "longitud": -99.0644525,"alcaldia":"Iztapalapa"}, {"latitud": 19.338402, "longitud": -99.0644775,"alcaldia":"Iztapalapa"}, {"latitud": 19.3533686, "longitud": -99.121215,"alcaldia":"Iztapalapa"}, {"latitud": 19.3690337, "longitud": -99.1224846,"alcaldia":"Iztapalapa"}, {"latitud": 19.369542, "longitud": -99.1225031,"alcaldia":"Iztapalapa"}, {"latitud": 19.3285772, "longitud": -99.0678523,"alcaldia":"Iztapalapa"}, {"latitud": 19.3543563, "longitud": -99.0752699,"alcaldia":"Iztapalapa"}, {"latitud": 19.3690425, "longitud": -99.1222922,"alcaldia":"Iztapalapa"}, {"latitud": 19.3695491, "longitud": -99.1223053,"alcaldia":"Iztapalapa"}, {"latitud": 19.3311573, "longitud": -99.0819984,"alcaldia":"Iztapalapa"}, {"latitud": 19.3900621, "longitud": -99.034721,"alcaldia":"Iztapalapa"}, {"latitud": 19.3899871, "longitud": -99.0345559,"alcaldia":"Iztapalapa"}, {"latitud": 19.3327986, "longitud": -99.0583347,"alcaldia":"Iztapalapa"}, {"latitud": 19.3370105, "longitud": -99.0645088,"alcaldia":"Iztapalapa"}, {"latitud": 19.3458862, "longitud": -99.0770337,"alcaldia":"Iztapalapa"}, {"latitud": 19.3566789, "longitud": -99.086625,"alcaldia":"Iztapalapa"}, {"latitud": 19.3893856, "longitud": -99.0837323,"alcaldia":"Iztapalapa"}, {"latitud": 19.3388696, "longitud": -99.0745344,"alcaldia":"Iztapalapa"}, {"latitud": 19.3510946, "longitud": -99.0748716,"alcaldia":"Iztapalapa"}, {"latitud": 19.3509654, "longitud": -99.0749376,"alcaldia":"Iztapalapa"}, {"latitud": 19.3526915, "longitud": -99.0783937,"alcaldia":"Iztapalapa"}, {"latitud": 19.3538872, "longitud": -99.0727784,"alcaldia":"Iztapalapa"}, {"latitud": 19.3564715, "longitud": -99.0983005,"alcaldia":"Iztapalapa"}, {"latitud": 19.3873992, "longitud": -99.0804459,"alcaldia":"Iztapalapa"}, {"latitud": 19.3458243, "longitud": -99.0768981,"alcaldia":"Iztapalapa"}, {"latitud": 19.389502, "longitud": -99.083632,"alcaldia":"Iztapalapa"}, {"latitud": 19.3200997, "longitud": -99.0841099,"alcaldia":"Iztapalapa"}, {"latitud": 19.3274824, "longitud": -99.0826949,"alcaldia":"Iztapalapa"}, {"latitud": 19.3565467, "longitud": -99.086577,"alcaldia":"Iztapalapa"}, {"latitud": 19.356608, "longitud": -99.0865097,"alcaldia":"Iztapalapa"}, {"latitud": 19.3561641, "longitud": -99.0863591,"alcaldia":"Iztapalapa"}]
