[{"latitud": 19.3859005, "longitud": -99.1007651,"alcaldia":"Iztacalco"}, {"latitud": 19.3855073, "longitud": -99.1001576,"alcaldia":"Iztacalco"}, {"latitud": 19.3857666, "longitud": -99.1007763,"alcaldia":"Iztacalco"}, {"latitud": 19.396728, "longitud": -99.0985666,"alcaldia":"Iztacalco"}, {"latitud": 19.3968728, "longitud": -99.0985542,"alcaldia":"Iztacalco"}, {"latitud": 19.3923445, "longitud": -99.0990636,"alcaldia":"Iztacalco"}, {"latitud": 19.4046864, "longitud": -99.1221672,"alcaldia":"Iztacalco"}, {"latitud": 19.3855958, "longitud": -99.1001392,"alcaldia":"Iztacalco"}, {"latitud": 19.3967968, "longitud": -99.0992228,"alcaldia":"Iztacalco"}, {"latitud": 19.3963782, "longitud": -99.0992861,"alcaldia":"Iztacalco"}, {"latitud": 19.3965074, "longitud": -99.0985964,"alcaldia":"Iztacalco"}, {"latitud": 19.403052, "longitud": -99.1338277,"alcaldia":"Iztacalco"}, {"latitud": 19.3924941, "longitud": -99.1002219,"alcaldia":"Iztacalco"}, {"latitud": 19.3969897, "longitud": -99.0991989,"alcaldia":"Iztacalco"}]
